id,URL,status,error,response_time,content_size
1,http://diglib.hab.de/edoc/ed000006/startx.htm,200,,0.494,2.93
2,http://www.thomasgray.org/,200,,3.91,30.87
3,http://www.dafyddapgwilym.net/,200,,7.186,5.29
4,http://www.confessio.ie/#,200,,3.263,21.37
5,http://scrineum.unipv.it/LM/home.html,404,Cannot connect to host scrineum.unipv.it:80 ssl:default [Name or service not known],-1.0,-1.0
6,http://bayle-correspondance.univ-st-etienne.fr/?lang=fr,200,,3.849,31.24
7,http://vindolanda.csad.ox.ac.uk/index.shtml,200,,0.256,17.51
8,http://vto2.classics.ox.ac.uk/,404,Cannot connect to host vto2.classics.ox.ac.uk:80 ssl:default [Name or service not known],-1.0,-1.0
9,http://www.berardier.org/,200,,0.737,3.07
10,http://codexsinaiticus.org/en/,200,,3.78,13.47
11,http://www.waddesdon.org.uk/collection/special-projects/st.-aubin,404,,7.993,50.13
12,http://www.catullusonline.org/CatullusOnline/index.php,200,,1.201,723.49
13,http://suprasliensis.obdurodon.org/,200,,0.483,52.12
14,http://www.ehu.es/galicano/?l=en,200,,4.156,36.12
15,http://www.dlv.org.uk/index.html,200,,13.635,11.11
16,http://www.beckettarchive.org/login.html,200,,4.204,14.19
17,http://euripidesscholia.org,200,,3.391,10.11
18,http://omacl.org/Heimskringla/,200,,4.607,70.96
19,https://hridigital.shef.ac.uk/partonopeus/,200,,4.848,2.74
20,http://www.finerollshenry3.org.uk/,200,,7.282,3.15
21,http://www.ub.unibas.ch/bernoulli/index.php/Hauptseite,200,,11.246,15.31
22,http://www.intratext.com/X/ITA0763.HTM,200,,4.812,17.3
23,http://orosius.monumenta.ch/,200,,1.039,0.34
24,http://iospe.kcl.ac.uk/corpus/index.html,200,,5.221,8.52
25,http://entretenida.outofthewings.org/index.html,200,,4.224,8.39
26,http://www.hrionline.ac.uk/strype/,404,Cannot connect to host www.hrionline.ac.uk:80 ssl:default [Name or service not known],-1.0,-1.0
27,http://www.livesandletters.ac.uk/herle/index.html,200,,2.115,5.65
28,http://www.livesandletters.ac.uk/bodley/bodley.html,200,,2.116,6.35
29,http://www.livesandletters.ac.uk/cell/Hooke/Hooke.html,200,,2.117,2.15
30,http://www.livesandletters.ac.uk/wd/index.html,200,,2.114,3.63
31,http://jonathanswiftarchive.org.uk/index.html,200,,5.539,5.39
32,http://www.stgallpriscian.ie,200,,1.409,19.64
33,http://www.nietzschesource.org/,200,,1.401,13.47
34,http://www.asnc.cam.ac.uk/irishglossaries/,200,,4.292,7.71
35,http://www.cems.ox.ac.uk/holinshed/index.shtml,404,,1.494,0.19
36,http://www.mun.ca/alciato/,404,,4.381,26.42
37,http://www.csdl.tamu.edu:8080/veri/index-en.html,404,Cannot connect to host www.csdl.tamu.edu:8080 ssl:default [Name or service not known],-1.0,-1.0
38,http://www.corimu.unisi.it/,200,,5.279,21.14
39,http://www.bensira.org/,200,,1.45,3.57
40,http://www.pizan.lib.ed.ac.uk/,200,,2.822,10.66
41,http://isaw.nyu.edu/publications/inscriptions/campa/,200,,4.02,5.47
42,http://www.danteonline.it/italiano/home_ita.asp,404,'utf-8' codec can't decode byte 0xe0 in position 10272: invalid continuation byte,-1.0,-1.0
43,http://www.darwinproject.ac.uk/,200,,4.472,156.95
44,http://edities.kantl.be/daisne/,200,,5.117,6.77
45,http://www.earlystuartlibels.net/htdocs/index.html,200,,4.787,13.59
46,http://www.folgerdigitaltexts.org/,200,,9.196,133.39
47,https://romantic-circles.org/editions/frankenstein/editions.2009.frankenstein,200,,1.536,45.8
48,http://www.glossae.net,200,,4.62,121.96
49,http://www.heine-portal.de,200,,1.777,2.8
50,http://www.ibsen.uio.no/forside.xhtml,200,,5.641,12.64
51,http://www.marktwainproject.org/homepage.html,404,,5.048,0.19
52,http://www.fondazionecanussio.org/patria.htm,200,,6.136,2.79
53,http://txm.bfm-corpus.org/?command=documentation&path=/GRAAL,200,,5.603,2.94
54,http://auchinleck.nls.uk/index.html,200,,5.601,11.36
55,http://www.magicandmedicine.hps.cam.ac.uk/,200,,5.143,21.79
56,http://www.stoa.org/hippo/,404,"Cannot connect to host www.stoa.org:80 ssl:default [Connect call failed ('15.204.130.71', 80)]",-1.0,-1.0
57,http://chs.harvard.edu/CHS/article/display/5418,404,,4.836,46.99
58,http://www.iohannes.com/,200,,6.062,5.75
59,http://www.oldbaileyonline.org/,200,,5.695,0.84
60,http://www.hrionline.ac.uk/brome/,404,Cannot connect to host www.hrionline.ac.uk:80 ssl:default [Name or service not known],-1.0,-1.0
61,http://courses.washington.edu/otap/svoboda/public/index.html,404,,2.545,0.16
62,http://godwindiary.bodleian.ox.ac.uk/index2.html,200,,6.861,6.33
63,http://www.math.uni-augsburg.de/stochastik/llull/,200,,8.251,123.8
64,http://www.digitalmishnah.org/,404,"Cannot connect to host www.digitalmishnah.org:443 ssl:True [SSLCertVerificationError: (1, ""[SSL: CERTIFICATE_VERIFY_FAILED] certificate verify failed: Hostname mismatch, certificate is not valid for 'www.digitalmishnah.org'. (_ssl.c:1010)"")]",-1.0,-1.0
65,http://ocp.tyndale.ca/,200,,2.433,59.41
66,http://dss.collections.imj.org.il/,200,,2.349,10.86
67,http://www.historici.nl/Onderzoek/Projecten/RegistersVanDeHollandseGrafelijkheid1299-1345,200,,8.424,9.63
68,http://quijote.bne.es/libro.html,404,Cannot connect to host quijote.bne.eslibro.html:443 ssl:default [Name or service not known],-1.0,-1.0
69,http://lewisandclarkjournals.unl.edu,200,,5.524,10.02
70,http://beowulf.engl.uky.edu/~kiernan/eBoethius/inlad.htm,404,,-1.0,-1.0
71,http://www.intellectualhistory.net/mill/,404,,5.273,75.28
72,http://tei.oucs.ox.ac.uk/Projects/EETS/soton/,404,,-1.0,-1.0
73,http://nestlealand.uni-muenster.de/,200,,2.685,4.2
74,http://stel.ub.edu/orlando/,200,,8.38,4.34
75,http://vergil.classics.upenn.edu/,200,,6.22,8.28
76,http://www.laits.utexas.edu/cid/index2.php?v=nor,404,,2.579,0.19
77,http://www.abdn.ac.uk/bestiary/,200,,6.011,4.68
78,http://www.curculio.org/Martial/Martial04.html,404,'utf-8' codec can't decode byte 0x9c in position 13142: invalid start byte,-1.0,-1.0
79,http://www.curculio.org/Ovid/h01.html,200,,2.813,21.49
80,http://www.curculio.org/Propertius/index.html,200,,2.844,3.9
81,http://www.curculio.org/Sulpiciae/index.html,200,,2.845,5.12
82,http://www.curculio.org/Claudian/index.html,200,,2.813,3.83
83,http://www.curculio.org/Juvenal/index.html,200,,2.844,4.86
84,http://cdlm.unipv.it/,404,Cannot connect to host cdlm.unipv.it:80 ssl:default [Name or service not known],-1.0,-1.0
85,http://press.ucalgary.ca/books/9781552380369,404,,5.832,56.25
86,http://www.ffzg.unizg.hr/klafil/dokuwiki/doku.php/z:epidoc-hrvatska,200,,3.56,12.42
87,http://www.gasconrolls.org/en/,403,,6.519,0.2
88,http://www.sd-editions.com/AnaAdditional/HengwrtEx/images/hgopen.html,404,"Cannot connect to host sd-editions.com:443 ssl:True [SSLCertVerificationError: (1, '[SSL: CERTIFICATE_VERIFY_FAILED] certificate verify failed: unable to get local issuer certificate (_ssl.c:1010)')]",-1.0,-1.0
89,http://www.weber-gesamtausgabe.de/en/Index,200,,6.946,29.53
90,http://livingstone.library.ucla.edu/1871diary/manuscript1.htm,404,,-1.0,-1.0
91,http://hyperdonat.ens-lyon.fr/,404,,-1.0,-1.0
92,http://insaph.kcl.ac.uk/index.html,200,,6.491,0.23
93,http://ircyr.kcl.ac.uk/,404,Cannot connect to host ircyr.kcl.ac.uk:80 ssl:default [Name or service not known],-1.0,-1.0
94,http://irt.kcl.ac.uk/irt2009/,404,Cannot connect to host irt.kcl.ac.uk:80 ssl:default [No address associated with hostname],-1.0,-1.0
95,http://www.e-sequence.eu/en/,200,,6.835,6.9
96,http://www.philological.bham.ac.uk/sylva/,200,,7.342,1.99
97,http://www.philological.bham.ac.uk/Addison/,200,,7.337,2.59
98,http://www.hull.ac.uk/hitm/,404,,7.478,14.79
99,http://cancionerovirtual.liv.ac.uk/,404,Cannot connect to host cancionerovirtual.liv.ac.uk:80 ssl:default [Name or service not known],-1.0,-1.0
100,http://pom.bbaw.de/cmg/,200,,4.077,0.82
101,http://www.benedictus.mgh.de/,200,,0.324,2.64
102,http://oracc.museum.upenn.edu/rinap/,404,"Cannot connect to host oracc.museum.upenn.edu:443 ssl:True [SSLCertVerificationError: (1, '[SSL: CERTIFICATE_VERIFY_FAILED] certificate verify failed: unable to get local issuer certificate (_ssl.c:1010)')]",-1.0,-1.0
103,http://english.selu.edu/humanitiesonline/kempe/index.php,503,,13.78,6.68
104,http://www.britac.ac.uk/pubs/dialogus/ockdial.html,403,,14.977,7.21
105,http://www.domesdaybook.net,200,,0.193,699.52
106,http://www.cfeo.org.uk/index.html,404,,1.823,0.17
107,http://www.janeausten.ac.uk/index.html,200,,15.015,7.37
108,http://www.whitmanarchive.org/,200,,0.184,0.01
109,http://www.schenkerdocumentsonline.org,200,,15.0,10.28
110,http://www.ocve.org.uk/index.html,404,,2.15,0.17
111,http://www.johnfoxe.org/,200,,13.414,43.58
112,http://petrarch.uoregon.edu/,200,,1.581,56.92
113,http://www.stg.brown.edu/projects/pico/about.php,404,Cannot connect to host www.stg.brown.edu:80 ssl:default [Name or service not known],-1.0,-1.0
114,http://www.brown.edu/Departments/Italian_Studies/dweb/index.php,200,,9.932,1.68
115,http://www.brown.edu/Departments/Italian_Studies/pico/index.html,200,,9.915,2.49
116,http://www.stg.brown.edu/projects/Inscriptions/index.shtml,404,Cannot connect to host www.stg.brown.edu:80 ssl:default [Name or service not known],-1.0,-1.0
117,http://www.parzival.unibe.ch/home.html,200,,0.57,4.59
118,http://www.rose.uzh.ch/static/decameron/index3.htm,200,,7.105,0.5
119,http://www.rc.umd.edu/editions/shelley/devil/index.html,404,,7.633,30.02
120,http://www.rc.umd.edu/editions/contemps/barbauld/poems1773/,404,,7.651,30.02
121,http://www.rc.umd.edu/editions/bloomfield_letters/,404,,9.829,30.02
122,http://www.shelleygodwinarchive.org/,200,,0.124,14.43
123,http://www.rc.umd.edu/editions/beddoes/intro.html,404,,13.0,30.02
124,http://www.hrionline.ac.uk/onlinefroissart/index.jsp,404,Cannot connect to host www.hrionline.ac.uk:80 ssl:default [Name or service not known],-1.0,-1.0
125,http://www.rhyddiaithganoloesol.caerdydd.ac.uk/en/,200,,10.634,2.6
126,http://www.newtonproject.sussex.ac.uk/prism.php?id=1,200,,2.375,9.25
127,http://vbd.humnet.unipi.it,200,,9.355,25.1
128,http://vitanova.unipv.it/,404,'utf-8' codec can't decode byte 0xe0 in position 849: invalid continuation byte,-1.0,-1.0
129,http://knarf.english.upenn.edu/,200,,1.319,1.81
130,http://www.livingstoneonline.ucl.ac.uk,404,,0.166,0.19
131,http://rmcisadu.let.uniroma1.it/boccaccio/,404,'utf-8' codec can't decode byte 0x92 in position 597: invalid start byte,-1.0,-1.0
132,http://en.wikibooks.org/wiki/The_Devonshire_Manuscript,200,,6.985,107.58
133,http://www.bvh.univ-tours.fr/#,404,'utf-8' codec can't decode byte 0xe9 in position 272: invalid continuation byte,-1.0,-1.0
134,http://digital.library.northwestern.edu/codex/index.html,404,,1.736,4.38
135,https://www.ucl.ac.uk/Bentham-Project/publications/martins-memorandoms/martins-memorandoms.html,502,,5.593,6.21
136,http://www.cn-telma.fr/actesroyaux/index/,404,Cannot connect to host www.cn-telma.fr:80 ssl:default [Temporary failure in name resolution],-1.0,-1.0
137,http://quod.lib.umich.edu/a/amverse/,200,,14.441,28.16
138,http://www.bodleianshop.co.uk/a-digital-facsimile-of-oxford-bodleian-library-ms-junius-11.html,404,,1.519,127.46
139,http://candide.nypl.org/text/,404,Cannot connect to host candide.nypl.org:80 ssl:default [Name or service not known],-1.0,-1.0
140,http://www.getto-chronik.de/de/,200,,12.599,8.3
141,http://www.upress.virginia.edu/content/clotel-william-wells-brown-electronic-scholarly-edition,404,,7.169,414.15
142,http://dasi.humnet.unipi.it/,200,,10.116,1.17
143,http://datini.archiviodistato.prato.it/la-ricerca/le-edizioni-delle-lettere#n,200,,10.814,22.59
144,http://www.shikshapatri.org.uk/,200,,10.632,4.1
145,http://ebeowulf.uky.edu/,200,,14.584,9.29
146,http://www.edickinson.org/,202,,0.123,0.0
147,http://rotunda.upress.virginia.edu/edc/,200,,10.135,4.69
148,http://abo.annotatedbooksonline.com/#binding-5-1,200,,5.368,19.32
149,http://www.mpiwg-berlin.mpg.de/Galileo_Prototype/MAIN.HTM,200,,12.487,3.04
150,http://kundigebok.stadtarchiv.goettingen.de/kb2Web/html/,404,Cannot connect to host kundigebok.stadtarchiv.goettingen.de:80 ssl:default [Name or service not known],-1.0,-1.0
151,http://rotunda.upress.virginia.edu/melville/,200,,10.394,6.91
152,http://letters.mozartways.com/,200,,2.252,125.26
153,http://courses.washington.edu/otap/intibah/intibah.html,404,,5.264,0.16
154,http://www.nma.gov.au/collections/collection_interactives/jerilderie_letter,404,,1.906,69.19
155,http://www.chlt.org/sandbox/colloquia/argenis/index.html,404,Cannot connect to host chlt.orgsandbox:443 ssl:default [Name or service not known],-1.0,-1.0
156,http://rotunda.upress.virginia.edu/EmilyShore/make-page.xqy,200,,11.514,6.01
157,http://www.phalese.fr/Maldoror/index.php?title=Accueil,500,,0.333,0.0
158,http://www.cn-telma.fr/nesle/index/,404,Cannot connect to host www.cn-telma.fr:80 ssl:default [Temporary failure in name resolution],-1.0,-1.0
159,http://dohistory.org/diary/index.html,200,,8.359,22.59
160,http://www.oliveschreiner.org/,200,,11.223,6.12
161,http://rabindranathtagore-150.gov.in/online-voriourum.html,404,Cannot connect to host rabindranathtagore-150.gov.in:80 ssl:default [Temporary failure in name resolution],-1.0,-1.0
162,http://www.cn-telma.fr/ordonnances/index/,404,Cannot connect to host www.cn-telma.fr:80 ssl:default [Temporary failure in name resolution],-1.0,-1.0
163,http://septuaginta.net/,200,,0.945,41.07
164,http://www.siratbanihilal.ucsb.edu/start-0,404,,10.79,33.9
165,http://sks.dk/forside/indhold.asp,200,,3.076,18.57
166,http://ctb.kantl.be/publicaties/de-teleurgang-van-den-waterhoek-elektronisch-kritische-editie-electronic-c,200,,8.919,19.07
167,http://rotunda.upress.virginia.edu/founders/ADMS.html,200,,12.618,3.5
168,http://drapier.dho.ie/node/232,404,,11.492,80.09
169,http://hridigital.shef.ac.uk/gide,200,,14.096,3.07
170,http://www.lib.unb.ca/Texts/marston/,404,,0.598,106.42
171,http://rth.org.uk/collections/bevan-dewar-letters,200,,8.049,24.56
172,http://www.abdn.ac.uk/diss/historic/collects/bps/index.html,200,,11.389,2.8
173,http://www.textualcommunities.usask.ca/web/canterbury-tales,404,Cannot connect to host www.textualcommunities.usask.ca:80 ssl:default [Name or service not known],-1.0,-1.0
174,http://digitaltemple.rotunda.upress.virginia.edu/,200,,10.473,3.97
175,http://www.nb.no/baser/diriks/virtuellealbum/index.html,404,,9.075,0.32
176,http://rotunda.upress.virginia.edu/founders/RNCN.html,200,,13.34,3.42
177,http://rotunda.upress.virginia.edu/dmde/,200,,14.34,5.55
178,http://geesebook.asu.edu,200,,0.159,3.6
179,https://www.hrionline.ac.uk/hartlib/,404,Cannot connect to host www.hrionline.ac.uk:443 ssl:default [Name or service not known],-1.0,-1.0
180,http://rotunda.upress.virginia.edu/crossetti/,200,,14.466,5.77
181,http://rotunda.upress.virginia.edu/arnold/,200,,14.585,5.31
182,http://www.maloryproject.com/,200,,3.793,16.92
183,http://rotunda.upress.virginia.edu/founders/ARHN.html,200,,14.603,3.92
184,http://rotunda.upress.virginia.edu/PinckneyHorry/,200,,0.034,6.74
185,http://rotunda.upress.virginia.edu/founders/GEWN.html,200,,15.002,3.49
186,http://rotunda.upress.virginia.edu/founders/JSMN.html,200,,15.019,3.58
187,http://rotunda.upress.virginia.edu/founders/TSJN.html,200,,15.037,3.84
188,http://hridigital.shef.ac.uk/galdos,200,,0.365,0.19
189,http://vlib.iue.it/carrie/documents/planctus/planctus/index.html,503,,9.397,56.18
190,http://www.birmingham.ac.uk/research/activity/leopardi/projects/index.aspx,200,,12.832,0.0
191,http://edities.kantl.be/loveling/,200,,13.229,7.04
192,http://nzetc.victoria.ac.nz/tm/scholarly/tei-corpus-golder.html,200,,0.871,0.8
193,http://trove.nla.gov.au/work/33020507,503,,0.379,20.11
194,http://www.nlx.com/collections/124,200,,14.86,11.02
195,http://www.birmingham.ac.uk/research/activity/leopardi/projects/barcelona.aspx,404,,14.629,33.04
196,http://www.getty.edu/research/mellini/,200,,1.557,102.77
197,http://iaa.bibl.u-szeged.hu/index.php,200,,12.793,19.93
198,http://hellenic-institute.rhul.ac.uk/Research/Etheridge/,404,Server disconnected,-1.0,-1.0
199,http://www.ssrq-sds-fds.ch/teiviewer/,200,,9.0,0.73
200,http://dantiscus.al.uw.edu.pl/,200,,8.395,33.17
201,http://sd-editions.com/AnaAdditional/commediaonline/home.html,404,"Cannot connect to host sd-editions.com:443 ssl:True [SSLCertVerificationError: (1, '[SSL: CERTIFICATE_VERIFY_FAILED] certificate verify failed: unable to get local issuer certificate (_ssl.c:1010)')]",-1.0,-1.0
202,http://quod.lib.umich.edu/m/machyn/,200,,14.92,9.66
203,http://www.ssrq-sds-fds.ch/online/,200,,11.493,6.38
204,http://www.realbiblioteca.es/gomez_manrique/cancionero.html,200,,14.192,162.7
205,http://www.aschart.kcl.ac.uk/index.html,200,,2.153,5.98
206,http://byzantini.st/ChronicleME/,200,,14.833,3.23
207,http://www.desgodets.net,200,,14.052,9.28
208,http://diglib.hab.de/wdb.php?dir=edoc/ed000228&lang=en,200,,7.474,0.9
209,http://www.forschungsdatenarchiv.escience.uni-tuebingen.de/adlils/,404,Cannot connect to host www.forschungsdatenarchiv.escience.uni-tuebingen.de:80 ssl:default [Name or service not known],-1.0,-1.0
210,http://jechante.exeter.ac.uk/archive/index.html,404,Cannot connect to host jechante.exeter.ac.uk:80 ssl:default [Name or service not known],-1.0,-1.0
211,http://www.alberteinstein.info/,200,,0.916,57.25
212,http://pelavicino.labcd.unipi.it/,200,,6.873,44.88
213,http://www.woolfonline.com/,404,'utf-8' codec can't decode byte 0xe9 in position 35564: invalid continuation byte,-1.0,-1.0
214,http://www.bovary.fr/,200,,11.816,2438.69
215,http://digital.nypl.org/schomburg/writers_aa19/,200,,12.878,37.25
216,http://beta.faustedition.net/,200,,2.643,16.08
217,https://fontane-nb.dariah.eu/index.html,200,,6.076,37.21
218,http://senckenberg.ub.uni-frankfurt.de/s/startpage,200,,13.556,8.71
219,http://alexandredumas.org/,200,,7.843,7.92
220,http://telota.bbaw.de/AvHBriefedition/index.html,200,,5.594,15.94
221,http://burckhardtsource.org/,200,,0.417,6.32
222,http://jewish-history-online.net/,200,,2.009,77.55
223,http://inamidst.com/stuff/sappho/,200,,12.758,173.87
224,http://www.orlandofurioso.org/,404,,-1.0,-1.0
225,http://www.schopenhauer.uni.wroc.pl/,200,,2.958,489.82
226,http://claviusontheweb.it/,404,,-1.0,-1.0
227,http://fleischmanndiaries.ucc.ie/,200,,10.979,29.76
228,http://www.deutschestextarchiv.de/,200,,0.517,33.33
229,http://tarsian.vital-it.ch/,200,,12.039,15.09
230,http://dh.tcd.ie/letters1916/,404,"Cannot connect to host dh.tcd.ie:443 ssl:True [SSLCertVerificationError: (1, '[SSL: CERTIFICATE_VERIFY_FAILED] certificate verify failed: unable to get local issuer certificate (_ssl.c:1010)')]",-1.0,-1.0
231,http://www.ittig.cnr.it,200,,1.637,60.16
232,http://wjc.bodleian.ox.ac.uk,200,,7.283,6.29
233,https://romaninscriptionsofbritain.org/,200,,12.551,33.65
234,http://ta.sandrart.net/de/,200,,8.95,3.4
235,https://acdh.oeaw.ac.at/abacus/,200,,6.94,11.49
236,http://darwin-online.org.uk/Variorum/,200,,13.319,7.63
237,https://www2.hf.uio.no/damos/,200,,9.627,5.85
238,http://www.vnsbrieven.org/VNS/,200,,10.389,9.11
239,http://edities.kantl.be/streuvels/,200,,14.077,10.81
240,http://sauer-seuffert.onb.ac.at/,200,,10.168,24.97
241,http://www1.unipa.it/paolo.monella/ursus/transcription.html,404,,13.093,0.54
242,http://codyarchive.org/,200,,13.212,8.02
243,http://earlymusictheory.org/Tinctoris/,200,,7.109,6.88
244,http://digitalathenaeus.org/,404,Cannot connect to host digitalathenaeus.org:80 ssl:default [No address associated with hostname],-1.0,-1.0
245,http://guillelmus.uni-koeln.de/,200,,14.295,367.71
246,http://musilonline.at/,200,,11.259,105.38
247,http://www.univie.ac.at/tocharian/,200,,13.191,10.85
248,http://www.berliner-intellektuelle.eu/,200,,1.696,3.86
249,http://www.bdpn.unam.mx/,404,Cannot connect to host www.bdpn.unam.mx:80 ssl:default [Name or service not known],-1.0,-1.0
250,http://www.doaks.org/resources/bliss-tyler-correspondence/,200,,10.323,42.88
251,https://edition-humboldt.de/,200,,9.923,35.35
252,http://vespasianodabisticciletters.unibo.it,404,'utf-8' codec can't decode byte 0xe0 in position 1014: invalid continuation byte,-1.0,-1.0
253,http://erdmuthe.thulb.uni-jena.de,200,,10.256,25.57
254,https://digital.janeaddams.ramapo.edu/,200,,12.451,18.08
255,http://www.penseesdepascal.fr,200,,14.329,31.63
256,http://gams.uni-graz.at/horvath-edition,200,,9.516,13.02
257,http://library.trinity.edu/lament/index.html,200,,2.095,29.42
258,http://beethovens-werkstatt.de/,200,,0.455,55.27
259,http://charles-harpur.org/,200,,6.414,0.1
260,http://damaboba.unibo.it/,200,,12.595,4.02
261,http://www.cartas-de-ultramar.net/,200,,4.315,4.9
262,http://magyar-irodalom.elte.hu/gepesk/kd/edesanna/,404,'utf-8' codec can't decode byte 0xe1 in position 26: invalid continuation byte,-1.0,-1.0
263,http://digiphil.hu/context:edesanna,200,,1.441,6.39
264,http://digiphil.hu/context:alomeghal,200,,1.465,9.3
265,http://digiphil.hu/context:aranysarkany,200,,1.492,7.96
266,http://digiphil.hu/context:estikornel,200,,1.654,12.95
267,http://www.tankonyvtar.hu/hu/tartalom/tkt/fanchali-job-kodex/adatok.html,404,Cannot connect to host regi.tankonyvtar.hu:443 ssl:default [Name or service not known],-1.0,-1.0
268,http://magyar-irodalom.elte.hu/totnes/eotvos/,404,'utf-8' codec can't decode byte 0xf6 in position 91: invalid start byte,-1.0,-1.0
269,http://magyar-irodalom.elte.hu/ja/,404,'utf-8' codec can't decode byte 0xf3 in position 22: invalid continuation byte,-1.0,-1.0
270,http://textus.elte.hu/ja/,200,,7.174,1.7
271,http://estoria.bham.ac.uk/,200,,2.864,28.41
272,http://www.tankonyvtar.hu/en/tartalom/tkt/argirus-historiaja/adatok.html,404,,0.709,10.98
273,http://magyar-irodalom.elte.hu/gepesk/wathay/,404,'utf-8' codec can't decode byte 0xf6 in position 752: invalid start byte,-1.0,-1.0
274,http://magyar-irodalom.elte.hu/gepesk/zrinyi/,404,'utf-8' codec can't decode byte 0xed in position 150: invalid continuation byte,-1.0,-1.0
275,http://magyar-irodalom.elte.hu/gepesk/rimay/,404,'utf-8' codec can't decode byte 0xe1 in position 32: invalid continuation byte,-1.0,-1.0
276,http://www.tankonyvtar.hu/hu/tartalom/tkt/rimay-janos-ifjukori/,404,Cannot connect to host regi.tankonyvtar.hu:443 ssl:default [Name or service not known],-1.0,-1.0
277,http://magyar-irodalom.elte.hu/effectus/,200,,1.321,0.46
278,http://sermones.elte.hu/erdy/,200,,12.15,212.21
279,http://sermones.elte.hu/exemplumadatbazis/,200,,12.171,70.81
280,http://deba.unideb.hu/deba/kazinczy_muvei/,200,,14.988,17.8
281,http://deba.unideb.hu/deba/csokonai_muvei/,200,,14.986,19.14
282,http://deba.unideb.hu/deba/szerdahely/,200,,1.322,7.34
283,http://deba.unideb.hu/deba/gyongyossi/,200,,14.993,6.93
284,http://deba.unideb.hu/deba/berzsenyi/,200,,0.217,9.54
285,http://deba.unideb.hu/deba/levelezes/,200,,0.33,10.89
286,http://deba.unideb.hu/deba/raday/,200,,0.33,10.08
287,http://deba.unideb.hu/deba/Margit-legenda_Szent_Margit_elete_1510/index.html,200,,0.389,0.47
288,http://deba.unideb.hu/deba/orpheus/,200,,14.983,8.42
289,http://deba.unideb.hu/deba/magyar_museum/,200,,0.218,5.59
290,https://sturm-edition.de,200,,12.99,12.61
291,http://magyar-irodalom.elte.hu/gepesk/bbom/itart.htm,404,'utf-8' codec can't decode byte 0xe1 in position 32: invalid continuation byte,-1.0,-1.0
292,http://magyar-irodalom.elte.hu/gepesk/eloszo/,200,,1.323,0.11
293,http://krk.szabolorinc.hu/dokumentumok.htm,404,'utf-8' codec can't decode byte 0xf3 in position 218: invalid continuation byte,-1.0,-1.0
294,http://digiphil.hu/context:atett,404,,0.847,0.62
295,http://digiphil.hu/context:mkk39,200,,2.345,24.78
296,http://digiphil.hu/context:mkk42,200,,1.703,16.87
297,http://ps.clul.ul.pt/,200,,8.06,8.11
298,https://www.jeanpaul-edition.de/,200,,2.313,17.67
299,http://digi.ub.uni-heidelberg.de/ahd/,200,,9.197,14.98
300,https://astree.tufts.edu,404,[Errno 104] Connection reset by peer,-1.0,-1.0
302,https://traveldigital.acdh.oeaw.ac.at/,200,,12.512,9.17
303,https://maechtekongresse.acdh.oeaw.ac.at/,200,,8.512,93.13
304,https://edition.onb.ac.at/okopenko,200,,6.139,33.35
305,https://edition.mgh.de/001/,200,,0.413,5.69
306,http://frhu20.iti.btk.mta.hu/,200,,10.167,10.79
307,https://www.arthur-schnitzler.de/edition/genetisch,200,,0.364,3.27
308,https://www.hamann-ausgabe.de,200,,1.695,7.6
309,http://grundtvigsvaerker.dk,200,,2.629,21.65
310,https://thun-korrespondenz.acdh.oeaw.ac.at/,200,,14.666,8.99
311,https://igcyr.unibo.it,200,,5.714,15.1
312,http://www1.unipa.it/paolo.monella/romualdus/,404,,13.118,0.54
313,https://www.hahnemann-edition.de/index.html,200,,7.863,29.33
314,https://schnitzler-briefe.acdh.oeaw.ac.at,200,,10.245,23.56
315,http://www.ehu.eus/monumenta/lazarraga/index.html,404,'utf-8' codec can't decode byte 0xf3 in position 2505: invalid continuation byte,-1.0,-1.0
316,https://www.bayerischer-staatsrat.de,200,,5.442,24.16
317,https://db.innovatingknowledge.nl/edition,200,,11.262,221.29
318,https://lts.fortunoff.library.yale.edu/,200,,12.36,0.35
319,https://humboldt.unibe.ch/text,200,,11.187,16.79
320,https://making-mysticism.org/edition/1.0/html/,200,,14.835,32.65
321,http://edition.onb.ac.at/handke-notizbuecher,200,,8.197,20.52
322,https://semper-edition.ch/,200,,7.723,0.42
323,https://tir.univie.ac.at,200,,9.379,27.83
324,https://lexlep.univie.ac.at,200,,14.878,32.46
325,https://schnitzler-chronik.acdh.oeaw.ac.at/,200,,9.657,16.82
326,https://pollaczek.acdh.oeaw.ac.at/,200,,9.361,15.31
327,https://schnitzler-orte.acdh.oeaw.ac.at/,200,,10.22,17.99
328,https://schnitzler-lektueren.acdh.oeaw.ac.at/,200,,6.568,24.51
329,https://schnitzler-tagebuch.acdh.oeaw.ac.at/,200,,6.666,14.26
330,https://schnitzler-zeitungen.acdh.oeaw.ac.at/,200,,4.145,9.86
331,https://pmb.acdh.oeaw.ac.at/,200,,13.453,21.01
332,https://schnitzler-bahr.acdh.oeaw.ac.at/,200,,5.333,17.1
333,https://irt2021.inslib.kcl.ac.uk/,200,,5.736,6.85
334,https://ancientwisdoms.ac.uk/library/kekaumenos-consilia-et-narrationes/index.html,200,,3.651,13.0
335,https://ancientwisdoms.ac.uk/library/,200,,4.151,13.15
336,https://www.koenigsfelden.uzh.ch,200,,9.283,61.09
337,https://megadigital.bbaw.de/,200,,1.212,39.96
338,https://amp.acdh.oeaw.ac.at,200,,8.901,21.74
339,https://pta.bbaw.de,200,,6.695,36.41
340,https://openarabicpe.github.io/,200,,10.783,18.0
341,https://tei.nplp.pl/categories/korespondencja-jana-lechonia-i-kazimierza-wierzynskiego,200,,14.089,184.4
342,https://tei.nplp.pl/categories/korespondencja-mieczyslawa-grydzewskiego-i-kazimierza-i-haliny-wierzynski,200,,14.132,643.1
343,https://mrp.oeaw.ac.at,200,,7.139,51.15
344,https://qhod.net/,200,,12.705,17.29
345,https://kaiserin-eleonora.oeaw.ac.at/,200,,7.439,14.74
346,https://schnitzler-mikrofilme.acdh.oeaw.ac.at/,200,,14.084,10.11
347,http://www.renansource.org,200,,9.771,11.03
348,https://www.digitalcollections.manchester.ac.uk/collections/maryhamilton/,200,,8.441,26.58
